comune,mcp,locale,locale15,n_celle,max30,max15,celle_nz,min_polo,classe,scarto,quota_nz
Roma,18.074872,11.719827586206897,1.3374384236453203,1624,28.0,10.0,1504,0.0,A - Polo,6.355044413793102,0.9261083743842364
Ciampino,17.009808,13.705882352941176,0.9411764705882353,17,27.0,2.0,17,16.6,C - Cintura,3.303925647058824,1.0
Marino,11.126162,8.758620689655173,0.2413793103448276,29,13.0,1.0,29,27.0,C - Cintura,2.367541310344828,1.0
Monte Porzio Catone,10.184825,6.0,1.0769230769230769,13,11.0,3.0,13,13.3,C - Cintura,4.184825,1.0
Frascati,9.84006,7.153846153846154,1.8461538461538463,26,13.0,3.0,26,16.3,C - Cintura,2.686213846153845,1.0
Fonte Nuova,8.780054,4.615384615384615,0.0,26,9.0,0.0,26,17.1,C - Cintura,4.164669384615385,1.0
Guidonia Montecelio,8.578219,5.549019607843137,0.0784313725490196,102,28.0,2.0,91,24.6,C - Cintura,3.0291993921568636,0.8921568627450981
Fiumicino,8.016353,4.549815498154982,0.08118081180811808,271,19.0,2.0,229,12.8,C - Cintura,3.4665375018450186,0.8450184501845018
San Cesareo,7.409366,5.0,0.3333333333333333,30,12.0,2.0,30,18.1,C - Cintura,2.4093660000000003,1.0
Castel Gandolfo,7.405387,5.166666666666667,0.5555555555555556,18,8.0,1.0,18,26.6,C - Cintura,2.238720333333333,1.0
Rocca Priora,6.744005,3.473684210526316,0.0,38,6.0,0.0,36,21.4,C - Cintura,3.2703207894736837,0.9473684210526315
Monte Compatri,6.269575,4.142857142857143,0.07142857142857142,28,10.0,2.0,27,17.2,C - Cintura,2.1267178571428564,0.9642857142857143
Grottaferrata,5.693107,4.916666666666667,0.75,24,10.0,2.0,24,18.9,C - Cintura,0.7764403333333334,1.0
Aprilia,5.668907,3.017699115044248,0.11061946902654868,226,6.0,1.0,221,26.7,C - Cintura,2.651207884955752,0.9778761061946902
Pomezia,5.531659,3.2454545454545456,0.02727272727272727,110,10.0,1.0,92,26.8,C - Cintura,2.2862044545454547,0.8363636363636363
Valmontone,5.485257,2.709090909090909,0.23636363636363636,55,7.0,1.0,52,24.2,C - Cintura,2.776166090909091,0.9454545454545454
Colonna,5.473532,4.833333333333333,0.0,6,6.0,0.0,6,18.8,C - Cintura,0.6401986666666666,1.0
Albano Laziale,5.40149,3.533333333333333,1.0333333333333334,30,8.0,2.0,30,25.2,C - Cintura,1.8681566666666667,1.0
Gallicano nel Lazio,5.297563,4.294117647058823,0.14705882352941177,34,10.0,1.0,33,29.3,D - Intermedio,1.0034453529411769,0.9705882352941176
Castelnuovo di Porto,5.167065,2.675675675675676,0.05405405405405406,37,12.0,1.0,27,28.6,D - Intermedio,2.491389324324324,0.7297297297297297
Formello,5.16498,3.1627906976744184,0.20930232558139536,43,13.0,1.0,42,24.9,C - Cintura,2.0021893023255815,0.9767441860465116
Artena,5.129114,1.7142857142857142,0.15714285714285714,70,5.0,1.0,62,27.1,C - Cintura,3.414828285714286,0.8857142857142857
Zagarolo,4.86681,3.914285714285714,0.2857142857142857,35,9.0,1.0,35,25.1,C - Cintura,0.9525242857142859,1.0
Ariccia,4.804538,3.2083333333333335,1.4166666666666667,24,5.0,2.0,24,22.8,C - Cintura,1.5962046666666665,1.0
Rocca di Papa,4.789192,2.2,0.1,50,5.0,1.0,42,23.8,C - Cintura,2.5891919999999997,0.84
Tivoli,4.671419,2.6931818181818183,0.5340909090909091,88,14.0,1.0,86,0.0,A - Polo,1.9782371818181819,0.9772727272727273
Riano,4.451929,3.4516129032258065,0.03225806451612903,31,7.0,1.0,31,26.7,C - Cintura,1.0003160967741933,1.0
Labico,4.335547,2.1538461538461537,0.5384615384615384,13,4.0,1.0,13,28.7,D - Intermedio,2.1817008461538463,1.0
Monterotondo,3.971726,2.52,0.68,50,6.0,1.0,50,30.3,D - Intermedio,1.4517259999999998,1.0
Nemi,3.768869,3.111111111111111,0.2222222222222222,9,4.0,1.0,9,18.4,C - Cintura,0.6577578888888889,1.0
Campagnano di Roma,3.506552,1.5357142857142858,0.0,56,4.0,0.0,52,32.4,D - Intermedio,1.9708377142857143,0.9285714285714286
Sacrofano,3.493557,1.6756756756756757,0.0,37,6.0,0.0,31,26.7,C - Cintura,1.8178813243243244,0.8378378378378378
Orte,3.469991,0.42528735632183906,0.0,87,4.0,0.0,25,26.6,C - Cintura,3.0447036436781607,0.28735632183908044
Palestrina,3.398397,1.7321428571428572,0.7321428571428571,56,6.0,1.0,56,31.6,D - Intermedio,1.666254142857143,1.0
Capena,3.369641,2.5675675675675675,0.02702702702702703,37,6.0,1.0,35,26.8,C - Cintura,0.8020734324324326,0.9459459459459459
Ardea,3.219121,2.1648351648351647,0.08791208791208792,91,6.0,1.0,76,30.8,D - Intermedio,1.0542858351648352,0.8351648351648352
Cerveteri,3.121118,0.8538011695906432,0.04093567251461988,171,4.0,1.0,125,30.3,D - Intermedio,2.267316830409357,0.7309941520467836
Cisterna di Latina,3.047397,1.4065934065934067,0.01098901098901099,182,5.0,1.0,153,19.7,C - Cintura,1.6408035934065934,0.8406593406593407
Colli sul Velino,3.034131,2.1176470588235294,0.0,17,3.0,0.0,15,18.9,C - Cintura,0.9164839411764705,0.8823529411764706
Lanuvio,2.996387,2.4285714285714284,0.42857142857142855,56,3.0,1.0,55,12.6,C - Cintura,0.5678155714285715,0.9821428571428571
Monte Romano,2.989316,0.3893805309734513,0.008849557522123894,113,2.0,1.0,38,21.6,C - Cintura,2.5999354690265486,0.336283185840708
Genzano di Roma,2.983633,2.909090909090909,0.6818181818181818,22,3.0,2.0,22,15.5,C - Cintura,0.07454209090909103,1.0
Fiano Romano,2.975975,1.2549019607843137,0.0,51,6.0,0.0,32,30.6,D - Intermedio,1.7210730392156863,0.6274509803921569
Greccio,2.959518,1.5,0.0,22,3.0,0.0,12,15.1,C - Cintura,1.459518,0.5454545454545454
Configni,2.940905,0.5806451612903226,0.0,31,3.0,0.0,7,25.8,C - Cintura,2.3602598387096774,0.22580645161290322
Velletri,2.823721,1.836734693877551,0.5850340136054422,147,4.0,2.0,145,0.0,A - Polo,0.9869863061224489,0.9863945578231292
Ladispoli,2.78281,1.2424242424242424,0.0,33,6.0,0.0,23,33.8,D - Intermedio,1.5403857575757576,0.696969696969697
Mandela,2.733398,0.5625,0.0,16,2.0,0.0,8,24.0,C - Cintura,2.170898,0.5
San Vittore del Lazio,2.651917,0.9142857142857143,0.0,35,2.0,0.0,23,19.3,C - Cintura,1.737631285714286,0.6571428571428571
Sutri,2.643968,0.30864197530864196,0.0,81,2.0,0.0,22,35.1,D - Intermedio,2.335326024691358,0.2716049382716049
Lariano,2.628274,1.2142857142857142,0.35714285714285715,28,2.0,1.0,27,14.9,C - Cintura,1.413988285714286,0.9642857142857143
Nettuno,2.595092,1.9886363636363635,0.5454545454545454,88,4.0,2.0,75,9.3,C - Cintura,0.6064556363636366,0.8522727272727273
Arsoli,2.574813,0.631578947368421,0.0,19,1.0,0.0,12,31.5,D - Intermedio,1.9432340526315788,0.631578947368421
Castel Madama,2.546364,2.054054054054054,0.40540540540540543,37,6.0,1.0,35,16.8,C - Cintura,0.4923099459459461,0.9459459459459459
Monterosi,2.544909,0.6428571428571429,0.0,14,1.0,0.0,9,31.3,D - Intermedio,1.9020518571428573,0.6428571428571429
Morlupo,2.512654,0.8214285714285714,0.0,28,2.0,0.0,16,33.6,D - Intermedio,1.6912254285714285,0.5714285714285714
Contigliano,2.46158,1.0735294117647058,0.0,68,3.0,0.0,46,12.9,C - Cintura,1.3880505882352943,0.6764705882352942
Labro,2.456407,1.0588235294117647,0.0,17,2.0,0.0,10,24.1,C - Cintura,1.3975834705882353,0.5882352941176471
Vicovaro,2.3889,0.6046511627906976,0.0,43,2.0,0.0,25,19.5,C - Cintura,1.7842488372093024,0.5813953488372093
Montalto di Castro,2.386528,0.3333333333333333,0.0,246,2.0,0.0,71,29.6,D - Intermedio,2.0531946666666667,0.2886178861788618
Rivodutri,2.383101,0.3333333333333333,0.0,36,1.0,0.0,12,19.5,C - Cintura,2.0497676666666664,0.3333333333333333
Bomarzo,2.338774,0.25,0.0,52,1.0,0.0,13,21.4,C - Cintura,2.088774,0.25
Morro Reatino,2.308974,0.05263157894736842,0.0,19,1.0,0.0,1,22.7,C - Cintura,2.2563424210526315,0.05263157894736842
Mentana,2.298982,1.1612903225806452,0.7096774193548387,31,2.0,1.0,31,27.3,C - Cintura,1.1376916774193548,1.0
Anagni,2.270043,1.3142857142857143,0.007142857142857143,140,3.0,1.0,113,34.1,D - Intermedio,0.9557572857142855,0.8071428571428572
Gavignano,2.169125,1.2,0.3,20,2.0,1.0,20,33.4,D - Intermedio,0.9691250000000002,1.0
Colleferro,2.137991,1.7567567567567568,0.6756756756756757,37,6.0,1.0,36,29.9,D - Intermedio,0.3812342432432432,0.972972972972973
Anzio,2.057194,2.0,0.9629629629629629,54,2.0,2.0,54,0.0,A - Polo,0.05719399999999997,1.0
Santa Marinella,2.043902,0.7966101694915254,0.03389830508474576,59,2.0,1.0,32,15.9,C - Cintura,1.2472918305084746,0.5423728813559322
Sant'Angelo Romano,2.039316,0.8571428571428571,0.0,28,2.0,0.0,23,31.6,D - Intermedio,1.1821731428571427,0.8214285714285714
Roviano,2.029277,1.1818181818181819,0.0,11,2.0,0.0,8,30.7,D - Intermedio,0.8474588181818181,0.7272727272727273
Riofreddo,2.010329,0.26666666666666666,0.0,15,2.0,0.0,2,36.2,D - Intermedio,1.7436623333333334,0.13333333333333333
Gallinaro,2.0,1.7083333333333333,0.0,24,2.0,0.0,24,25.0,C - Cintura,0.29166666666666674,1.0
Sgurgola,2.0,0.7916666666666666,0.0,24,2.0,0.0,17,33.3,D - Intermedio,1.2083333333333335,0.7083333333333334
Civitavecchia,1.997298,1.8571428571428572,0.5604395604395604,91,2.0,2.0,90,0.0,A - Polo,0.1401551428571428,0.989010989010989
San Giorgio a Liri,1.994849,1.4,0.0,20,2.0,0.0,18,17.8,C - Cintura,0.5948490000000002,0.9
Sant'Ambrogio sul Garigliano,1.99153,0.6363636363636364,0.0,11,2.0,0.0,6,21.4,C - Cintura,1.3551663636363638,0.5454545454545454
Tarquinia,1.990186,1.312849162011173,0.32122905027932963,358,2.0,2.0,316,20.9,C - Cintura,0.6773368379888269,0.88268156424581
Paliano,1.988065,1.103448275862069,0.11494252873563218,87,4.0,1.0,76,34.2,D - Intermedio,0.884616724137931,0.8735632183908046
Atina,1.985863,1.6285714285714286,0.0,35,2.0,0.0,29,18.8,C - Cintura,0.3572915714285714,0.8285714285714286
Castelnuovo Parano,1.984736,1.2857142857142858,0.0,14,2.0,0.0,12,24.0,C - Cintura,0.6990217142857142,0.8571428571428571
Vignanello,1.983226,0.2962962962962963,0.0,27,1.0,0.0,8,23.4,C - Cintura,1.6869297037037037,0.2962962962962963
Allumiere,1.980615,0.3391304347826087,0.017391304347826087,115,2.0,1.0,29,21.8,C - Cintura,1.6414845652173913,0.25217391304347825
Vicalvi,1.976527,1.8,0.8,10,2.0,1.0,10,23.1,C - Cintura,0.17652699999999988,1.0
Carbognano,1.976412,0.5454545454545454,0.0,22,1.0,0.0,12,27.2,C - Cintura,1.4309574545454546,0.5454545454545454
Canepina,1.970167,0.9230769230769231,0.15384615384615385,26,1.0,1.0,24,18.3,C - Cintura,1.0470900769230769,0.9230769230769231
Vallerano,1.968391,0.42857142857142855,0.0,21,1.0,0.0,9,20.8,C - Cintura,1.5398195714285714,0.42857142857142855
Genazzano,1.968381,1.1428571428571428,0.0,42,2.0,0.0,39,36.8,D - Intermedio,0.8255238571428571,0.9285714285714286
Casape,1.961263,0.0,0.0,8,0.0,0.0,0,26.1,C - Cintura,1.961263,0.0
Castelliri,1.959836,1.263157894736842,0.0,19,2.0,0.0,14,22.8,C - Cintura,0.6966781052631579,0.7368421052631579
Cerreto Laziale,1.956525,0.5,0.0,16,1.0,0.0,8,26.3,C - Cintura,1.456525,0.5
Morolo,1.955757,0.6129032258064516,0.0,31,1.0,0.0,19,26.5,C - Cintura,1.3428537741935482,0.6129032258064516
Pignataro Interamna,1.955251,1.09375,0.03125,32,2.0,1.0,32,13.7,C - Cintura,0.8615010000000001,1.0
Posta Fibreno,1.946375,1.2307692307692308,0.6923076923076923,13,2.0,1.0,13,28.8,D - Intermedio,0.7156057692307691,1.0
Belmonte Castello,1.946207,1.7647058823529411,0.23529411764705882,17,2.0,1.0,16,14.9,C - Cintura,0.1815011176470589,0.9411764705882353
Caprarola,1.93956,0.410958904109589,0.0,73,1.0,0.0,30,23.6,C - Cintura,1.5286010958904108,0.410958904109589
Sant'Andrea del Garigliano,1.93093,0.6363636363636364,0.0,22,1.0,0.0,14,22.8,C - Cintura,1.2945663636363638,0.6363636363636364
Nepi,1.924804,0.9528301886792453,0.018867924528301886,106,3.0,1.0,81,38.7,D - Intermedio,0.9719738113207547,0.7641509433962265
Santi Cosma e Damiano,1.922769,1.146341463414634,0.04878048780487805,41,2.0,1.0,37,29.3,D - Intermedio,0.7764275365853659,0.9024390243902439
Gerano,1.919821,0.5,0.0,12,1.0,0.0,6,28.5,D - Intermedio,1.419821,0.5
Coreno Ausonio,1.914145,0.5483870967741935,0.0,31,1.0,0.0,17,28.9,D - Intermedio,1.3657579032258065,0.5483870967741935
Ausonia,1.911098,0.92,0.04,25,2.0,1.0,22,25.7,C - Cintura,0.9910979999999999,0.88
Ferentino,1.907043,0.99,0.32,100,2.0,1.0,82,20.5,C - Cintura,0.917043,0.82
Casalvieri,1.905368,1.5757575757575757,0.18181818181818182,33,2.0,1.0,33,24.0,C - Cintura,0.32961042424242426,1.0
Marcellina,1.903416,0.9,0.0,20,1.0,0.0,18,19.7,C - Cintura,1.003416,0.9
Anticoli Corrado,1.903321,0.3,0.0,20,2.0,0.0,5,31.3,D - Intermedio,1.603321,0.25
Tuscania,1.902043,0.26394052044609667,0.007434944237918215,269,1.0,1.0,71,22.4,C - Cintura,1.6381024795539032,0.26394052044609667
Castelforte,1.899736,0.8285714285714286,0.05714285714285714,35,2.0,1.0,17,29.9,D - Intermedio,1.0711645714285716,0.4857142857142857
Anguillara Sabazia,1.896965,1.163265306122449,0.24489795918367346,98,3.0,1.0,94,36.0,D - Intermedio,0.7336996938775511,0.9591836734693877
Villa Latina,1.895965,0.6363636363636364,0.0,22,2.0,0.0,8,22.9,C - Cintura,1.2596013636363637,0.36363636363636365
Pontinia,1.89486,1.1901408450704225,0.04225352112676056,142,2.0,1.0,129,24.0,C - Cintura,0.7047191549295775,0.9084507042253521
Rocca Massima,1.894188,0.2916666666666667,0.0,24,2.0,0.0,5,30.4,D - Intermedio,1.6025213333333332,0.20833333333333334
Bassano in Teverina,1.871377,0.1875,0.0,16,1.0,0.0,3,19.8,C - Cintura,1.683877,0.1875
Isola del Liri,1.869307,1.263157894736842,0.05263157894736842,19,2.0,1.0,19,26.7,C - Cintura,0.606149105263158,1.0
Sabaudia,1.865518,0.988950276243094,0.0,181,2.0,0.0,140,30.7,D - Intermedio,0.8765677237569061,0.7734806629834254
Sant'Elia Fiumerapido,1.856701,0.8461538461538461,0.34615384615384615,52,2.0,1.0,34,10.4,C - Cintura,1.010547153846154,0.6538461538461539
Ronciglione,1.851262,0.38461538461538464,0.0,65,1.0,0.0,25,25.5,C - Cintura,1.4666466153846154,0.38461538461538464
Cineto Romano,1.845402,0.42857142857142855,0.0,14,2.0,0.0,5,27.5,C - Cintura,1.4168305714285714,0.35714285714285715
Settefrati,1.836122,0.13114754098360656,0.0,61,2.0,0.0,7,31.3,D - Intermedio,1.7049744590163936,0.11475409836065574
San Donato Val di Comino,1.821804,0.6808510638297872,0.0,47,1.0,0.0,32,28.7,D - Intermedio,1.1409529361702129,0.6808510638297872
Sant'Apollinare,1.81366,0.7727272727272727,0.0,22,1.0,0.0,17,17.9,C - Cintura,1.0409327272727273,0.7727272727272727
Proceno,1.795587,0.5357142857142857,0.19642857142857142,56,1.0,1.0,30,35.7,D - Intermedio,1.2598727142857142,0.5357142857142857
Palombara Sabina,1.790423,0.7319587628865979,0.0,97,2.0,0.0,62,28.2,D - Intermedio,1.058464237113402,0.6391752577319587
Montelibretti,1.785574,0.7833333333333333,0.0,60,2.0,0.0,34,37.7,D - Intermedio,1.0022406666666668,0.5666666666666667
Supino,1.78207,0.7446808510638298,0.06382978723404255,47,2.0,1.0,31,24.6,C - Cintura,1.0373891489361702,0.6595744680851063
Cave,1.779322,1.5238095238095237,0.6190476190476191,21,2.0,1.0,20,34.1,D - Intermedio,0.25551247619047635,0.9523809523809523
Mazzano Romano,1.778349,0.19444444444444445,0.0,36,1.0,0.0,7,36.3,D - Intermedio,1.5839045555555555,0.19444444444444445
Castrocielo,1.77165,0.9705882352941176,0.0,34,2.0,0.0,31,21.3,C - Cintura,0.8010617647058823,0.9117647058823529
Ceprano,1.768439,0.8723404255319149,0.0,47,2.0,0.0,39,23.5,C - Cintura,0.8960985744680852,0.8297872340425532
Borgorose,1.764916,0.425414364640884,0.016574585635359115,181,2.0,1.0,67,23.1,C - Cintura,1.3395016353591158,0.3701657458563536
Boville Ernica,1.738622,0.8918918918918919,0.0,37,2.0,0.0,30,23.5,C - Cintura,0.846730108108108,0.8108108108108109
Veroli,1.735469,0.5454545454545454,0.01948051948051948,154,2.0,1.0,69,19.7,C - Cintura,1.1900144545454545,0.44805194805194803
Monte San Giovanni Campano,1.728385,0.4032258064516129,0.0,62,2.0,0.0,15,24.7,C - Cintura,1.3251591935483873,0.24193548387096775
Fontechiari,1.720197,1.0454545454545454,0.3181818181818182,22,2.0,1.0,22,28.6,D - Intermedio,0.6747424545454546,1.0
Casalattico,1.719311,0.34285714285714286,0.0,35,2.0,0.0,7,24.5,C - Cintura,1.3764538571428573,0.2
Alvito,1.710816,0.8615384615384616,0.046153846153846156,65,2.0,1.0,51,26.3,C - Cintura,0.8492775384615383,0.7846153846153846
Acquapendente,1.709283,0.7012195121951219,0.3170731707317073,164,1.0,1.0,115,29.1,D - Intermedio,1.0080634878048782,0.7012195121951219
Broccostella,1.685066,1.0,1.0,14,1.0,1.0,14,28.7,D - Intermedio,0.685066,1.0
Cassino,1.629319,0.9615384615384616,0.5384615384615384,104,2.0,1.0,98,0.0,A - Polo,0.6677805384615384,0.9423076923076923
Cervaro,1.608264,0.8723404255319149,0.2553191489361702,47,2.0,1.0,39,13.4,C - Cintura,0.735923574468085,0.8297872340425532
Bolsena,1.59562,0.27848101265822783,0.0,79,1.0,0.0,22,23.7,C - Cintura,1.3171389873417723,0.27848101265822783
Sora,1.583503,0.7142857142857143,0.4175824175824176,91,2.0,1.0,61,30.3,D - Intermedio,0.8692172857142858,0.6703296703296703
Serrone,1.579555,0.0,0.0,19,0.0,0.0,0,45.0,E - Periferico,1.579555,0.0
Cori,1.566731,0.33962264150943394,0.0,106,2.0,0.0,28,27.5,C - Cintura,1.2271083584905662,0.2641509433962264
Capranica,1.55541,0.11320754716981132,0.0,53,1.0,0.0,6,28.2,D - Intermedio,1.4422024528301887,0.11320754716981132
Magliano Sabina,1.553384,0.8214285714285714,0.0,56,2.0,0.0,44,36.4,D - Intermedio,0.7319554285714287,0.7857142857142857
Trevignano Romano,1.544816,0.9591836734693877,0.08163265306122448,49,2.0,1.0,41,40.2,D - Intermedio,0.5856323265306123,0.8367346938775511
Prossedi,1.515305,0.45454545454545453,0.0,44,2.0,0.0,17,26.2,C - Cintura,1.0607595454545453,0.38636363636363635
Frosinone,1.501532,1.0526315789473684,0.8771929824561403,57,2.0,1.0,57,0.0,A - Polo,0.4489004210526317,1.0
Vallemaio,1.49843,0.045454545454545456,0.0,22,1.0,0.0,1,27.0,C - Cintura,1.4529754545454545,0.045454545454545456
Fara in Sabina,1.496789,0.3611111111111111,0.0,72,2.0,0.0,15,40.6,D - Intermedio,1.1356778888888888,0.20833333333333334
Fabrica di Roma,1.477955,0.9318181818181818,0.1590909090909091,44,1.0,1.0,41,28.0,D - Intermedio,0.5461368181818181,0.9318181818181818
Rocca di Cave,1.452626,0.6875,0.0625,16,1.0,1.0,11,43.4,E - Periferico,0.765126,0.6875
Soriano nel Cimino,1.449326,0.4329896907216495,0.020618556701030927,97,1.0,1.0,42,21.8,C - Cintura,1.0163363092783504,0.4329896907216495
Latina,1.41062,1.4265129682997117,0.37175792507204614,347,4.0,1.0,342,0.0,A - Polo,-0.015892968299711763,0.9855907780979827
Stimigliano,1.409336,0.058823529411764705,0.0,17,1.0,0.0,1,37.2,D - Intermedio,1.3505124705882352,0.058823529411764705
Barbarano Romano,1.405324,0.0,0.0,46,0.0,0.0,0,31.6,D - Intermedio,1.405324,0.0
Torrice,1.397904,1.0,0.043478260869565216,23,1.0,1.0,23,13.3,C - Cintura,0.39790400000000004,1.0
Fontana Liri,1.385746,0.13636363636363635,0.0,22,1.0,0.0,3,30.7,D - Intermedio,1.2493823636363635,0.13636363636363635
Agosta,1.382291,1.0,0.35714285714285715,14,1.0,1.0,14,35.3,D - Intermedio,0.38229099999999994,1.0
Picinisco,1.381914,0.07792207792207792,0.0,77,2.0,0.0,4,31.8,D - Intermedio,1.3039919220779221,0.05194805194805195
Lubriano,1.35283,0.6818181818181818,0.0,22,1.0,0.0,15,20.2,C - Cintura,0.6710118181818182,0.6818181818181818
Corchiano,1.339872,0.5333333333333333,0.044444444444444446,45,1.0,1.0,24,30.2,D - Intermedio,0.8065386666666666,0.5333333333333333
Aquino,1.326316,1.0,0.0,25,1.0,0.0,25,18.7,C - Cintura,0.32631600000000005,1.0
Segni,1.323295,0.76,0.30666666666666664,75,2.0,1.0,56,39.0,D - Intermedio,0.5632950000000001,0.7466666666666667
Bassano Romano,1.301125,0.22916666666666666,0.0,48,1.0,0.0,11,39.7,D - Intermedio,1.0719583333333333,0.22916666666666666
Tolfa,1.296258,0.15813953488372093,0.0,215,2.0,0.0,32,25.5,C - Cintura,1.138118465116279,0.14883720930232558
Olevano Romano,1.291001,0.3125,0.0,32,2.0,0.0,7,45.1,E - Periferico,0.9785010000000001,0.21875
San Gregorio da Sassola,1.272716,0.9534883720930233,0.046511627906976744,43,9.0,1.0,25,23.6,C - Cintura,0.3192276279069767,0.5813953488372093
San Polo dei Cavalieri,1.256566,0.21153846153846154,0.0,52,1.0,0.0,11,19.9,C - Cintura,1.0450275384615386,0.21153846153846154
Spigno Saturnia,1.249215,0.574468085106383,0.19148936170212766,47,1.0,1.0,27,19.8,C - Cintura,0.6747469148936169,0.574468085106383
Alatri,1.242972,0.6333333333333333,0.13333333333333333,120,1.0,1.0,76,22.2,C - Cintura,0.6096386666666667,0.6333333333333333
Pontecorvo,1.234757,0.1926605504587156,0.0,109,2.0,0.0,20,24.3,C - Cintura,1.0420964495412846,0.1834862385321101
Vasanello,1.205578,0.02857142857142857,0.0,35,1.0,0.0,1,31.2,D - Intermedio,1.1770065714285716,0.02857142857142857
Piglio,1.169931,0.2978723404255319,0.0,47,2.0,0.0,12,38.2,D - Intermedio,0.8720586595744682,0.2553191489361702
Rignano Flaminio,1.166518,0.6,0.0,50,2.0,0.0,29,39.1,D - Intermedio,0.566518,0.58
Montelanico,1.140533,0.5813953488372093,0.06976744186046512,43,1.0,1.0,25,35.7,D - Intermedio,0.5591376511627907,0.5813953488372093
Arnara,1.127738,1.0,0.0625,16,1.0,1.0,16,13.5,C - Cintura,0.1277379999999999,1.0
Pofi,1.121383,0.5641025641025641,0.0,39,1.0,0.0,22,16.7,C - Cintura,0.5572804358974359,0.5641025641025641
Roccasecca,1.119832,0.21428571428571427,0.0,56,1.0,0.0,12,26.4,C - Cintura,0.9055462857142856,0.21428571428571427
Esperia,1.116956,0.21323529411764705,0.0,136,2.0,0.0,17,26.8,C - Cintura,0.903720705882353,0.125
Ripi,1.097451,0.868421052631579,0.0,38,1.0,0.0,33,13.8,C - Cintura,0.22902994736842097,0.868421052631579
Vetralla,1.083461,0.6595744680851063,0.0,141,2.0,0.0,91,16.1,C - Cintura,0.42388653191489367,0.6453900709219859
Minturno,1.080779,1.0,0.5961538461538461,52,1.0,1.0,52,21.0,C - Cintura,0.08077899999999993,1.0
Gorga,1.073443,0.12121212121212122,0.0,33,1.0,0.0,4,43.8,E - Periferico,0.9522308787878787,0.12121212121212122
Sperlonga,1.07021,0.5833333333333334,0.0,24,1.0,0.0,14,22.3,C - Cintura,0.48687666666666674,0.5833333333333334
Sermoneta,1.066173,0.8,0.03636363636363636,55,1.0,1.0,44,28.1,D - Intermedio,0.266173,0.8
Rieti,1.056832,0.8467432950191571,0.23371647509578544,261,3.0,1.0,216,0.0,A - Polo,0.21008870498084287,0.8275862068965517
Arpino,1.052662,0.6231884057971014,0.028985507246376812,69,1.0,1.0,43,35.4,D - Intermedio,0.42947359420289855,0.6231884057971014
Priverno,1.048671,0.4,0.0,70,2.0,0.0,27,37.4,D - Intermedio,0.6486709999999999,0.38571428571428573
Terracina,1.044752,0.9476744186046512,0.48255813953488375,172,1.0,1.0,163,44.1,E - Periferico,0.09707758139534872,0.9476744186046512
Castel San Pietro Romano,1.032909,0.9444444444444444,0.5,18,1.0,1.0,17,38.0,D - Intermedio,0.08846455555555566,0.9444444444444444
Ceccano,1.030996,0.7307692307692307,0.11538461538461539,78,1.0,1.0,57,15.6,C - Cintura,0.3002267692307693,0.7307692307692307
San Lorenzo Nuovo,1.030812,0.972972972972973,0.05405405405405406,37,1.0,1.0,36,26.5,C - Cintura,0.057839027027027035,0.972972972972973
Gallese,1.027508,0.8,0.0,45,2.0,0.0,33,37.0,D - Intermedio,0.22750800000000004,0.7333333333333333
Patrica,1.02207,0.7878787878787878,0.15151515151515152,33,1.0,1.0,26,28.3,D - Intermedio,0.2341912121212122,0.7878787878787878
Poggio Bustone,1.020706,0.3333333333333333,0.0,27,1.0,0.0,9,18.9,C - Cintura,0.6873726666666666,0.3333333333333333
Civita Castellana,1.019124,0.9166666666666666,0.4351851851851852,108,1.0,1.0,99,42.9,E - Periferico,0.10245733333333329,0.9166666666666666
Giuliano di Roma,1.015892,0.627906976744186,0.0,43,1.0,0.0,27,23.0,C - Cintura,0.38798502325581397,0.627906976744186
Poli,1.012606,0.7142857142857143,0.03571428571428571,28,1.0,1.0,20,32.1,D - Intermedio,0.2983202857142856,0.7142857142857143
San Felice Circeo,1.008882,0.75,0.0,40,1.0,0.0,30,40.9,D - Intermedio,0.25888200000000006,0.75
Ciciliano,1.008678,0.7083333333333334,0.0,24,1.0,0.0,17,22.7,C - Cintura,0.3003446666666666,0.7083333333333334
Vallinfreda,1.005196,0.09523809523809523,0.0,21,1.0,0.0,2,42.5,E - Periferico,0.9099579047619047,0.09523809523809523
Marano Equo,1.002447,0.875,0.0,8,1.0,0.0,7,35.3,D - Intermedio,0.1274470000000001,0.875
Grotte di Castro,1.0,0.8095238095238095,0.047619047619047616,42,1.0,1.0,34,34.0,D - Intermedio,0.19047619047619047,0.8095238095238095
Gradoli,1.0,0.16363636363636364,0.0,55,1.0,0.0,9,36.2,D - Intermedio,0.8363636363636364,0.16363636363636364
Canterano,1.0,0.8,0.2,10,1.0,1.0,8,37.4,D - Intermedio,0.19999999999999996,0.8
Poggio San Lorenzo,1.0,0.18181818181818182,0.0,11,1.0,0.0,2,20.7,C - Cintura,0.8181818181818181,0.18181818181818182
Strangolagalli,1.0,0.3333333333333333,0.0,12,1.0,0.0,4,22.1,C - Cintura,0.6666666666666667,0.3333333333333333
Piedimonte San Germano,1.0,0.9473684210526315,0.0,19,1.0,0.0,18,14.1,C - Cintura,0.052631578947368474,0.9473684210526315
Onano,1.0,0.16129032258064516,0.0,31,1.0,0.0,5,36.8,D - Intermedio,0.8387096774193549,0.16129032258064516
Manziana,1.0,1.0,0.5172413793103449,29,1.0,1.0,29,44.9,E - Periferico,0.0,1.0
Castiglione in Teverina,1.0,0.7692307692307693,0.0,26,1.0,0.0,20,23.1,C - Cintura,0.23076923076923073,0.7692307692307693
Affile,1.0,0.7777777777777778,0.0,18,1.0,0.0,14,55.3,E - Periferico,0.2222222222222222,0.7777777777777778
Oriolo Romano,0.999548,0.7307692307692307,0.038461538461538464,26,1.0,1.0,19,44.8,E - Periferico,0.26877876923076927,0.7307692307692307
Pescosolido,0.999492,0.6909090909090909,0.2909090909090909,55,1.0,1.0,38,38.6,D - Intermedio,0.30858290909090913,0.6909090909090909
Vivaro Romano,0.999402,0.35294117647058826,0.0,17,1.0,0.0,6,38.1,D - Intermedio,0.6464608235294118,0.35294117647058826
Formia,0.999298,0.7282608695652174,0.43478260869565216,92,1.0,1.0,67,0.0,A - Polo,0.2710371304347826,0.7282608695652174
Gaeta,0.998499,0.8055555555555556,0.0,36,1.0,0.0,29,12.8,C - Cintura,0.19294344444444445,0.8055555555555556
Cantalice,0.998107,0.41304347826086957,0.15217391304347827,46,1.0,1.0,19,16.1,C - Cintura,0.5850635217391305,0.41304347826086957
Bracciano,0.996694,0.8453038674033149,0.5082872928176796,181,1.0,1.0,153,43.9,E - Periferico,0.1513901325966851,0.8453038674033149
Belmonte in Sabina,0.996474,0.8823529411764706,0.0,34,1.0,0.0,30,18.6,C - Cintura,0.11412105882352941,0.8823529411764706
Cittaducale,0.995024,0.5730337078651685,0.19101123595505617,89,1.0,1.0,51,10.2,C - Cintura,0.4219902921348315,0.5730337078651685
Subiaco,0.994972,0.7468354430379747,0.4177215189873418,79,1.0,1.0,59,45.0,E - Periferico,0.2481365569620253,0.7468354430379747
Turania,0.994759,0.5555555555555556,0.0,9,1.0,0.0,5,40.6,D - Intermedio,0.43920344444444437,0.5555555555555556
Collevecchio,0.994065,0.5714285714285714,0.0,35,1.0,0.0,20,45.9,E - Periferico,0.4226364285714286,0.5714285714285714
Latera,0.993761,0.13333333333333333,0.0,30,1.0,0.0,4,41.3,E - Periferico,0.8604276666666667,0.13333333333333333
Roiate,0.993686,0.08333333333333333,0.0,12,1.0,0.0,1,46.9,E - Periferico,0.9103526666666666,0.08333333333333333
Sant'Oreste,0.993344,0.43636363636363634,0.0,55,1.0,0.0,24,43.1,E - Periferico,0.5569803636363637,0.43636363636363634
Viterbo,0.993041,0.6340996168582376,0.17049808429118773,522,1.0,1.0,331,0.0,A - Polo,0.3589413831417624,0.6340996168582376
Arcinazzo Romano,0.991338,0.3611111111111111,0.0,36,1.0,0.0,13,55.9,E - Periferico,0.6302268888888889,0.3611111111111111
Castel Sant'Elia,0.991158,0.6129032258064516,0.3225806451612903,31,1.0,1.0,19,41.1,E - Periferico,0.37825477419354836,0.6129032258064516
Vitorchiano,0.990215,0.725,0.0,40,1.0,0.0,29,13.9,C - Cintura,0.265215,0.725
Rocca Santo Stefano,0.989931,0.8333333333333334,0.0,12,1.0,0.0,10,38.4,D - Intermedio,0.15659766666666664,0.8333333333333334
Celleno,0.988667,0.5333333333333333,0.0,30,1.0,0.0,16,21.6,C - Cintura,0.45533366666666664,0.5333333333333333
Monte San Biagio,0.987637,0.5487804878048781,0.036585365853658534,82,1.0,1.0,45,40.0,D - Intermedio,0.4388565121951219,0.5487804878048781
Antrodoco,0.987546,0.13414634146341464,0.0,82,1.0,0.0,11,21.8,C - Cintura,0.8533996585365854,0.13414634146341464
Terelle,0.98622,0.2564102564102564,0.0,39,2.0,0.0,8,29.0,D - Intermedio,0.7298097435897436,0.20512820512820512
Valentano,0.985061,0.0,0.0,50,0.0,0.0,0,34.7,D - Intermedio,0.985061,0.0
Moricone,0.984391,0.22727272727272727,0.0,22,1.0,0.0,5,36.9,D - Intermedio,0.7571182727272727,0.22727272727272727
Campoli Appennino,0.984008,0.7105263157894737,0.3157894736842105,38,1.0,1.0,27,38.0,D - Intermedio,0.2734816842105263,0.7105263157894737
Calcata,0.983756,0.45454545454545453,0.0,11,1.0,0.0,5,42.1,E - Periferico,0.5292105454545455,0.45454545454545453
Camerata Nuova,0.983219,0.0,0.0,51,0.0,0.0,0,39.2,D - Intermedio,0.983219,0.0
Sonnino,0.982893,0.5375,0.025,80,1.0,1.0,43,43.7,E - Periferico,0.44539300000000004,0.5375
Acuto,0.979576,0.16666666666666666,0.0,18,1.0,0.0,3,36.7,D - Intermedio,0.8129093333333334,0.16666666666666666
Villa San Giovanni in Tuscia,0.977723,0.14285714285714285,0.0,7,1.0,0.0,1,25.0,C - Cintura,0.8348658571428571,0.14285714285714285
Acquafondata,0.977155,0.0,0.0,32,0.0,0.0,0,34.5,D - Intermedio,0.977155,0.0
Faleria,0.976649,0.75,0.125,32,1.0,1.0,24,43.5,E - Periferico,0.226649,0.75
Villa Santa Lucia,0.975663,0.6956521739130435,0.043478260869565216,23,1.0,1.0,16,15.7,C - Cintura,0.2800108260869565,0.6956521739130435
Ponzano Romano,0.973038,0.125,0.0,24,2.0,0.0,2,37.4,D - Intermedio,0.848038,0.08333333333333333
Roccagiovine,0.97288,0.2727272727272727,0.0,11,1.0,0.0,3,26.1,C - Cintura,0.7001527272727273,0.2727272727272727
Cervara di Roma,0.965972,0.5641025641025641,0.10256410256410256,39,1.0,1.0,22,46.9,E - Periferico,0.40186943589743596,0.5641025641025641
Castro dei Volsci,0.964646,0.02702702702702703,0.0,74,1.0,0.0,2,30.1,D - Intermedio,0.9376189729729729,0.02702702702702703
Magliano Romano,0.963901,0.1111111111111111,0.0,27,1.0,0.0,3,36.4,D - Intermedio,0.852789888888889,0.1111111111111111
Arce,0.962063,0.06,0.0,50,1.0,0.0,3,28.8,D - Intermedio,0.9020630000000001,0.06
Borgo Velino,0.961109,0.12,0.0,25,1.0,0.0,3,20.4,C - Cintura,0.841109,0.12
Vejano,0.957038,0.08620689655172414,0.0,58,1.0,0.0,5,36.2,D - Intermedio,0.8708311034482759,0.08620689655172414
Bellegra,0.957037,0.12,0.0,25,1.0,0.0,3,44.2,E - Periferico,0.837037,0.12
Paganico Sabino,0.954908,0.1,0.0,10,1.0,0.0,1,46.2,E - Periferico,0.854908,0.1
Fondi,0.950328,0.5027624309392266,0.022099447513812154,181,1.0,1.0,91,27.4,C - Cintura,0.4475655690607734,0.5027624309392266
Itri,0.946877,0.17886178861788618,0.0,123,1.0,0.0,22,12.5,C - Cintura,0.7680152113821138,0.17886178861788618
Castel Sant'Angelo,0.946673,0.375,0.0,40,1.0,0.0,15,15.8,C - Cintura,0.571673,0.375
Monte San Giovanni in Sabina,0.941029,0.23684210526315788,0.0,38,1.0,0.0,9,23.0,C - Cintura,0.7041868947368422,0.23684210526315788
Civitella d'Agliano,0.938539,0.225,0.0,40,1.0,0.0,9,29.5,D - Intermedio,0.713539,0.225
Pisoniano,0.937208,0.1875,0.0,16,1.0,0.0,3,29.2,D - Intermedio,0.749708,0.1875
Canale Monterano,0.934734,0.625,0.0625,48,1.0,1.0,30,45.4,E - Periferico,0.30973399999999995,0.625
Vallerotonda,0.925591,0.14864864864864866,0.0,74,1.0,0.0,11,23.1,C - Cintura,0.7769423513513514,0.14864864864864866
Bagnoregio,0.925189,0.10752688172043011,0.0,93,1.0,0.0,10,23.4,C - Cintura,0.8176621182795699,0.10752688172043011
Petrella Salto,0.897987,0.12307692307692308,0.0,130,1.0,0.0,16,23.8,C - Cintura,0.7749100769230769,0.12307692307692308
Roccasecca dei Volsci,0.89362,0.41379310344827586,0.0,29,1.0,0.0,12,39.1,D - Intermedio,0.4798268965517241,0.41379310344827586
Fumone,0.887823,0.2,0.0,20,1.0,0.0,4,29.7,D - Intermedio,0.6878230000000001,0.2
Montefiascone,0.880169,0.18248175182481752,0.0,137,1.0,0.0,25,23.5,C - Cintura,0.6976872481751825,0.18248175182481752
Torricella in Sabina,0.87808,0.5666666666666667,0.0,30,1.0,0.0,17,21.9,C - Cintura,0.3114133333333333,0.5666666666666667
Sezze,0.833972,0.5,0.007936507936507936,126,2.0,1.0,57,31.6,D - Intermedio,0.33397200000000005,0.4523809523809524
Colfelice,0.827708,0.05,0.0,20,1.0,0.0,1,28.0,D - Intermedio,0.777708,0.05
Capranica Prenestina,0.800847,0.16,0.0,25,1.0,0.0,4,40.9,D - Intermedio,0.6408469999999999,0.16
Marta,0.778991,0.0,0.0,44,0.0,0.0,0,25.3,C - Cintura,0.778991,0.0
Collalto Sabino,0.773191,0.08,0.0,25,1.0,0.0,2,45.7,E - Periferico,0.693191,0.08
Rocca Sinibalda,0.765451,0.09375,0.0,64,1.0,0.0,6,22.1,C - Cintura,0.671701,0.09375
Longone Sabino,0.747377,0.1875,0.0,48,1.0,0.0,9,33.6,D - Intermedio,0.559877,0.1875
Rocca Canterano,0.713056,0.5238095238095238,0.0,21,1.0,0.0,11,36.8,D - Intermedio,0.1892464761904762,0.5238095238095238
Falvaterra,0.680392,0.0,0.0,16,0.0,0.0,0,30.6,D - Intermedio,0.680392,0.0
Villa Santo Stefano,0.676313,0.04,0.0,25,1.0,0.0,1,28.3,D - Intermedio,0.636313,0.04
Concerviano,0.658446,0.2222222222222222,0.0,27,1.0,0.0,6,19.7,C - Cintura,0.43622377777777777,0.2222222222222222
Civitella San Paolo,0.650815,0.2857142857142857,0.0,28,4.0,0.0,5,40.2,D - Intermedio,0.36510071428571433,0.17857142857142858
Graffignano,0.648877,0.08333333333333333,0.0,36,1.0,0.0,3,31.9,D - Intermedio,0.5655436666666667,0.08333333333333333
Pescorocchiano,0.643999,0.056910569105691054,0.0,123,1.0,0.0,7,31.5,D - Intermedio,0.587088430894309,0.056910569105691054
Blera,0.643314,0.06722689075630252,0.0,119,1.0,0.0,8,27.3,C - Cintura,0.5760871092436975,0.06722689075630252
Vico nel Lazio,0.633626,0.034482758620689655,0.0,58,1.0,0.0,2,31.7,D - Intermedio,0.5991432413793104,0.034482758620689655
San Vito Romano,0.632432,0.058823529411764705,0.0,17,1.0,0.0,1,35.3,D - Intermedio,0.5736084705882353,0.058823529411764705
Carpineto Romano,0.622562,0.03669724770642202,0.0,109,1.0,0.0,4,45.0,E - Periferico,0.5858647522935779,0.03669724770642202
Tarano,0.615011,0.0,0.0,22,0.0,0.0,0,44.9,E - Periferico,0.615011,0.0
Cottanello,0.556835,0.0,0.0,47,0.0,0.0,0,31.6,D - Intermedio,0.556835,0.0
Licenza,0.55016,0.125,0.0,24,1.0,0.0,3,27.6,C - Cintura,0.42516,0.125
Sambuci,0.542888,0.6153846153846154,0.0,13,1.0,0.0,8,23.1,C - Cintura,-0.07249661538461538,0.6153846153846154
Forano,0.542631,0.0,0.0,21,0.0,0.0,0,39.4,D - Intermedio,0.542631,0.0
San Giovanni Incarico,0.529599,0.0,0.0,28,0.0,0.0,0,29.1,D - Intermedio,0.529599,0.0
Fiamignano,0.518106,0.03225806451612903,0.0,124,1.0,0.0,4,29.6,D - Intermedio,0.48584793548387095,0.03225806451612903
Nerola,0.487073,0.0,0.0,20,0.0,0.0,0,39.9,D - Intermedio,0.487073,0.0
Frasso Sabino,0.447299,0.0,0.0,6,0.0,0.0,0,27.5,C - Cintura,0.447299,0.0
Roccagorga,0.441278,0.0,0.0,31,0.0,0.0,0,39.2,D - Intermedio,0.441278,0.0
Fiuggi,0.415136,0.0,0.0,40,0.0,0.0,0,42.4,E - Periferico,0.415136,0.0
Ischia di Castro,0.396837,0.0,0.0,136,0.0,0.0,0,39.8,D - Intermedio,0.396837,0.0
Jenne,0.364424,0.175,0.0,40,1.0,0.0,7,63.1,E - Periferico,0.18942400000000004,0.175
Arlena di Castro,0.350792,0.0,0.0,27,0.0,0.0,0,33.2,D - Intermedio,0.350792,0.0
Monteleone Sabino,0.336343,0.0,0.0,25,0.0,0.0,0,26.7,C - Cintura,0.336343,0.0
Trevi nel Lazio,0.335944,0.0,0.0,68,0.0,0.0,0,64.5,E - Periferico,0.335944,0.0
Collepardo,0.317317,0.0,0.0,31,0.0,0.0,0,30.9,D - Intermedio,0.317317,0.0
Saracinesco,0.309898,0.5,0.0,12,2.0,0.0,5,30.2,D - Intermedio,-0.190102,0.4166666666666667
Montopoli di Sabina,0.290877,0.0625,0.0,48,2.0,0.0,2,43.0,E - Periferico,0.228377,0.041666666666666664
Montenero Sabino,0.283165,0.03571428571428571,0.0,28,1.0,0.0,1,26.7,C - Cintura,0.2474507142857143,0.03571428571428571
Nazzano,0.278915,0.14285714285714285,0.0,14,2.0,0.0,1,38.7,D - Intermedio,0.13605785714285717,0.07142857142857142
Maenza,0.254989,0.05660377358490566,0.0,53,1.0,0.0,3,38.8,D - Intermedio,0.19838522641509437,0.05660377358490566
Santopadre,0.208303,0.0,0.0,30,0.0,0.0,0,38.5,D - Intermedio,0.208303,0.0
Torre Cajetani,0.204116,0.0,0.0,15,0.0,0.0,0,39.7,D - Intermedio,0.204116,0.0
Ascrea,0.184069,0.0,0.0,18,0.0,0.0,0,44.6,E - Periferico,0.184069,0.0
Lenola,0.179792,0.017857142857142856,0.0,56,1.0,0.0,1,41.5,E - Periferico,0.16193485714285716,0.017857142857142856
Piansano,0.154654,0.0,0.0,32,0.0,0.0,0,33.8,D - Intermedio,0.154654,0.0
Rocca d'Arce,0.142486,0.0,0.0,12,0.0,0.0,0,34.8,D - Intermedio,0.142486,0.0
Poggio Moiano,0.129054,0.0,0.0,32,0.0,0.0,0,29.3,D - Intermedio,0.129054,0.0
Pozzaglia Sabina,0.123928,0.0,0.0,31,0.0,0.0,0,41.8,E - Periferico,0.123928,0.0
Pastena,0.110601,0.0,0.0,51,0.0,0.0,0,38.4,D - Intermedio,0.110601,0.0
Poggio Nativo,0.108359,0.0,0.0,21,0.0,0.0,0,28.4,D - Intermedio,0.108359,0.0
Scandriglia,0.102155,0.0,0.0,82,0.0,0.0,0,36.2,D - Intermedio,0.102155,0.0
Torri in Sabina,0.096565,0.0,0.0,34,0.0,0.0,0,37.5,D - Intermedio,0.096565,0.0
Filacciano,0.095648,0.0,0.0,7,0.0,0.0,0,40.4,D - Intermedio,0.095648,0.0
Selci,0.080227,0.0,0.0,10,0.0,0.0,0,43.5,E - Periferico,0.080227,0.0
Casaprota,0.068294,0.10526315789473684,0.0,19,1.0,0.0,2,26.3,C - Cintura,-0.03696915789473684,0.10526315789473684
Montebuono,0.067656,0.0,0.0,26,0.0,0.0,0,41.3,E - Periferico,0.067656,0.0
Colle San Magno,0.062574,0.03508771929824561,0.0,57,1.0,0.0,2,33.8,D - Intermedio,0.027486280701754393,0.03508771929824561
Guarcino,0.05625,0.0,0.0,48,0.0,0.0,0,31.9,D - Intermedio,0.05625,0.0
Viticuso,0.055624,0.0,0.0,27,0.0,0.0,0,38.5,D - Intermedio,0.055624,0.0
Micigliano,0.054356,0.1111111111111111,0.0,45,1.0,0.0,5,34.7,D - Intermedio,-0.0567551111111111,0.1111111111111111
Vacone,0.04542,0.0,0.0,12,0.0,0.0,0,35.5,D - Intermedio,0.04542,0.0
Bassiano,0.043446,0.024390243902439025,0.0,41,1.0,0.0,1,32.5,D - Intermedio,0.019055756097560973,0.024390243902439025
Collegiove,0.0379,0.13333333333333333,0.0,15,1.0,0.0,2,52.1,E - Periferico,-0.09543333333333333,0.13333333333333333
Capodimonte,0.032641,0.0,0.0,78,0.0,0.0,0,27.3,C - Cintura,0.032641,0.0
Pico,0.025397,0.0,0.0,40,0.0,0.0,0,34.4,D - Intermedio,0.025397,0.0
Norma,0.020299,0.02564102564102564,0.0,39,1.0,0.0,1,31.0,D - Intermedio,-0.005342025641025639,0.02564102564102564
Amaseno,0.014468,0.0,0.0,96,0.0,0.0,0,34.1,D - Intermedio,0.014468,0.0
Trivigliano,0.013489,0.0,0.0,17,0.0,0.0,0,35.4,D - Intermedio,0.013489,0.0
Canino,0.009157,0.0,0.0,156,0.0,0.0,0,41.8,E - Periferico,0.009157,0.0
Castel di Tora,0.004174,0.0,0.0,16,0.0,0.0,0,38.6,D - Intermedio,0.004174,0.0
Cellere,0.00264,0.0,0.0,50,0.0,0.0,0,41.0,E - Periferico,0.00264,0.0
Montorio Romano,0.001569,0.0,0.0,32,0.0,0.0,0,39.9,D - Intermedio,0.001569,0.0
Salisano,0.000868,0.0,0.0,23,0.0,0.0,0,41.2,E - Periferico,0.000868,0.0
Nespolo,0.000233,0.0,0.0,12,0.0,0.0,0,46.4,E - Periferico,0.000233,0.0
Posta,0.000221,0.0,0.0,85,0.0,0.0,0,33.5,D - Intermedio,0.000221,0.0
Casperia,0.0,0.0,0.0,30,0.0,0.0,0,45.8,E - Periferico,0.0,0.0
Castelnuovo di Farfa,0.0,0.0,0.0,12,0.0,0.0,0,33.6,D - Intermedio,0.0,0.0
Montasola,0.0,0.0,0.0,16,0.0,0.0,0,36.0,D - Intermedio,0.0,0.0
Mompeo,0.0,0.0,0.0,13,0.0,0.0,0,38.6,D - Intermedio,0.0,0.0
Marcetelli,0.0,0.0,0.0,14,0.0,0.0,0,55.2,E - Periferico,0.0,0.0
Colle di Tora,0.0,0.0,0.0,20,0.0,0.0,0,34.1,D - Intermedio,0.0,0.0
Cittareale,0.0,0.0,0.0,76,0.0,0.0,0,44.6,E - Periferico,0.0,0.0
Varco Sabino,0.0,0.0,0.0,31,0.0,0.0,0,37.6,D - Intermedio,0.0,0.0
Ventotene,0.0,0.0,0.0,2,0.0,0.0,0,76.4,F - Ultraperiferico,0.0,0.0
Amatrice,0.0,0.0,0.0,218,0.0,0.0,0,47.6,E - Periferico,0.0,0.0
Filettino,0.0,0.0,0.0,99,0.0,0.0,0,53.3,E - Periferico,0.0,0.0
Leonessa,0.0,0.0,0.0,259,0.0,0.0,0,43.9,E - Periferico,0.0,0.0
Farnese,0.0,0.0,0.0,69,0.0,0.0,0,42.8,E - Periferico,0.0,0.0
Monteflavio,0.0,0.0,0.0,22,0.0,0.0,0,45.6,E - Periferico,0.0,0.0
Orvinio,0.0,0.0,0.0,31,0.0,0.0,0,42.7,E - Periferico,0.0,0.0
Roccantica,0.0,0.0,0.0,23,0.0,0.0,0,46.4,E - Periferico,0.0,0.0
Cantalupo in Sabina,0.0,0.0,0.0,16,0.0,0.0,0,42.5,E - Periferico,0.0,0.0
Percile,0.0,0.0,0.0,21,0.0,0.0,0,32.9,D - Intermedio,0.0,0.0
Poggio Mirteto,0.0,0.0,0.0,32,0.0,0.0,0,45.4,E - Periferico,0.0,0.0
Poggio Catino,0.0,0.0,0.0,17,0.0,0.0,0,37.4,D - Intermedio,0.0,0.0
Ponza,0.0,0.0,0.0,14,0.0,0.0,0,83.4,F - Ultraperiferico,0.0,0.0
Campodimele,0.0,0.0,0.0,50,0.0,0.0,0,33.9,D - Intermedio,0.0,0.0
San Biagio Saracinisco,0.0,0.0,0.0,41,0.0,0.0,0,38.5,D - Intermedio,0.0,0.0
Toffia,0.0,0.0,0.0,14,0.0,0.0,0,33.5,D - Intermedio,0.0,0.0
Borbona,0.0,0.0,0.0,63,0.0,0.0,0,38.3,D - Intermedio,0.0,0.0
Tessennano,0.0,0.0,0.0,21,0.0,0.0,0,37.5,D - Intermedio,0.0,0.0
Torrita Tiberina,0.0,0.0,0.0,15,0.0,0.0,0,39.6,D - Intermedio,0.0,0.0
Vallecorsa,0.0,0.0,0.0,48,0.0,0.0,0,33.9,D - Intermedio,0.0,0.0
Vallepietra,0.0,0.0,0.0,68,0.0,0.0,0,78.9,F - Ultraperiferico,0.0,0.0
Accumoli,0.0,0.0,0.0,112,0.0,0.0,0,42.7,E - Periferico,0.0,0.0
